https://nurseslabs.com/nclex-exam-cancer-oncology-nursing-5-15-items/,Cancer/Oncology,Generic
https://nurseslabs.com/nclex-exam-cancer-oncology-nursing-56-items/,Cancer/Oncology,Generic
https://nurseslabs.com/nclex-exams-cancer-oncology-nursing-2-60-items/,Cancer/Oncology,Generic
http://currentnursing.com/Quiz/cancer_nursing_quiz1.html,Cancer/Oncology,Generic
http://currentnursing.com/Quiz/cancer_nursing_quiz2.html,Cancer/Oncology,Generic
https://nurseslabs.com/nclex-exam-cardiac-arrhythmias-16-items/,Cardiovascular System,Arrhythmia
https://nurseslabs.com/nclex-exam-cardiovascular-surgery-care-15-items/,Cardiovascular System,Cardiac Surgery Care
https://nurseslabs.com/nclex-exam-coronary-artery-disease-hypertension-50-items/,Cardiovascular System,Coronary Artery Disease/Hypertension
http://currentnursing.com/Quiz/ecg_quiz1.html,Cardiovascular System,Electrocardiograms
http://currentnursing.com/Quiz/cardiac_nursing_series1.html,Cardiovascular System,Generic
http://currentnursing.com/Quiz/cardiac_nursing_series2.html,Cardiovascular System,Generic
http://currentnursing.com/Quiz/cardiac_nursing_series3.html,Cardiovascular System,Generic
http://currentnursing.com/Quiz/cardiac_nursing_quiz4.html,Cardiovascular System,Generic
https://nurseslabs.com/nclex-exam-hematologic-disorders-40-items/,Cardiovascular System,Hematologic Disorders
https://nurseslabs.com/nclex-exam-myocardial-infarction-heart-failure-70-items/,Cardiovascular System,Myocardial Infarction/Heart Failure
https://nurseslabs.com/pediatric-nursing-hematologic-disorders-nclex-practice-quiz-15-questions/,Cardiovascular System,Pediatric Disorders
https://nurseslabs.com/nclex-exam-peripheral-vascular-diseases-20-items/,Cardiovascular System,Peripheral Vascular Disorders
https://nurseslabs.com/nclex-exam-valvular-diseases-10-items/,Cardiovascular System,Valvular Diseases
https://nurseslabs.com/blood-transfusion-nclex-practice-quiz-15-items/,Cardiovascular System,Blood Transfusions
https://nurseslabs.com/nclex-exam-nursing-prioritization-delegation-and-assignment-1-20-items/,Clinical Skills,Delegation/Assignment
https://nurseslabs.com/nclex-exam-nursing-prioritization-delegation-and-assignment-2-15-items/,Clinical Skills,Delegation/Assignment
https://nurseslabs.com/drug-dosage-calculations-nclex-exam-1-20-items/,Pharmacology,Dose Calculation
https://nurseslabs.com/drug-dosage-calculations-nclex-exam-2-20-items/,Pharmacology,Dose Calculation
https://nurseslabs.com/drug-dosage-calculations-nclex-exam-3-23-items/,Pharmacology,Dose Calculation
https://nurseslabs.com/drug-dosage-calculations-nclex-exam-4-13-items/,Pharmacology,Dose Calculation
https://nurseslabs.com/drug-dosage-calculations-nclex-exam-5-20-items/,Pharmacology,Dose Calculation
https://nurseslabs.com/drug-dosage-calculations-nclex-exam-6-20-items/,Pharmacology,Dose Calculation
https://nurseslabs.com/drug-dosage-calculations-nclex-exam-7-20-items/,Pharmacology,Dose Calculation
https://nurseslabs.com/drug-dosage-calculations-nclex-exam-8-20-items/,Pharmacology,Dose Calculation
https://nurseslabs.com/drug-dosage-calculations-nclex-exam-9-20-items/,Pharmacology,Dose Calculation
https://nurseslabs.com/nclex-exam-basic-care-comfort-20-items/,Clinical Skills,Comfort Care
https://nurseslabs.com/patient-tubes-ngt-chest-tracheostomy-nclex-practice-quiz-15-items/,Clinical Skills,Nasogastric Tubes/Tracheostomies
https://nurseslabs.com/pain-management-nclex-practice-quiz-1-25-items/,Clinical Skills,Comfort Care
https://nurseslabs.com/clients-positioning-nclex-practice-quiz-15-items/,Clinical Skills,Patient Positioning
https://nurseslabs.com/nclex-exam-safety-infection-control-30-items/,Clinical Skills,Safety/Infection Control
https://nurseslabs.com/safety-infection-control-nclex-practice-quiz-3-20-items/,Clinical Skills,Safety/Infection Control
https://nurseslabs.com/nclex-exam-diabetes-mellitus-2-30-items/,Diabetes Mellitus,Generic
https://nurseslabs.com/nclex-exam-diabetes-mellitus-3-25-items/,Diabetes Mellitus,Generic
https://nurseslabs.com/nclex-exam-diabetes-mellitus-40-items/,Diabetes Mellitus,Generic
http://currentnursing.com/Quiz/diabetes_quiz.html,Diabetes Mellitus,Generic
https://nurseslabs.com/burn-injury-nursing-management-nclex-practice-quiz-3-20-items/,Emergency Care,Burn Care
https://nurseslabs.com/nclex-exam-burn-injury-nursing-management-1-20-items/,Emergency Care,Burn Care
https://nurseslabs.com/nclex-exam-burn-injury-nursing-management-2-20-items/,Emergency Care,Burn Care
https://nurseslabs.com/emergency-nursing-nclex-practice-quiz-2-20-questions/,Emergency Care,Generic
https://nurseslabs.com/emergency-nursing-nclex-practice-quiz/,Emergency Care,Generic
http://currentnursing.com/Quiz/emergency_nursing_quiz1.html,Emergency Care,Generic
https://nurseslabs.com/nclex-exam-endocrine-disorders-1-50-items/,Endocrine System,Generic
https://nurseslabs.com/pediatric-nursing-endocrine-disorders-nclex-practice-quiz-15-questions/,Endocrine System,Pediatric Disorders
https://nurseslabs.com/fundamentals-nursing-nclex-practice-quiz-10-25-questions/,Fundementals,Generic
https://nurseslabs.com/fundamentals-nursing-nclex-practice-quiz-11-25-questions/,Fundementals,Generic
https://nurseslabs.com/fundamentals-nursing-nclex-practice-quiz-12-25-questions/,Fundementals,Generic
https://nurseslabs.com/fundamentals-nursing-nclex-practice-quiz-13-25-questions/,Fundementals,Generic
https://nurseslabs.com/fundamentals-nursing-nclex-practice-quiz-14-25-questions/,Fundementals,Generic
https://nurseslabs.com/fundamentals-nursing-nclex-practice-quiz-7-20-items/,Fundementals,Generic
https://nurseslabs.com/fundamentals-nursing-nclex-practice-quiz-8-20-items/,Fundementals,Generic
https://nurseslabs.com/fundamentals-nursing-nclex-practice-quiz-9-25-questions/,Fundementals,Generic
https://nurseslabs.com/fundamentals-of-nursing-nclex-practice-quiz-6-20-items/,Fundementals,Generic
https://nurseslabs.com/nclex-exam-fundamentals-nursing-1-25-items/,Fundementals,Generic
https://nurseslabs.com/nclex-exam-fundamentals-nursing-2-30-items/,Fundementals,Generic
https://nurseslabs.com/nclex-exam-fundamentals-nursing-3-30-items/,Fundementals,Generic
https://nurseslabs.com/nclex-exam-fundamentals-nursing-4-20-items/,Fundementals,Generic
https://nurseslabs.com/nclex-exam-fundamentals-nursing-5-20-items/,Fundementals,Generic
http://currentnursing.com/Quiz/fundamentals_of_nursing_quiz1.html,Fundementals,Generic
http://currentnursing.com/Quiz/fundamentals_of_nursing_quiz2.html,Fundementals,Generic
http://currentnursing.com/Quiz/fundamentals_of_nursing_quiz3.html,Fundementals,Generic
http://currentnursing.com/Quiz/fundamentals_of_nursing_quiz4.html,Fundementals,Generic
http://currentnursing.com/Quiz/fundamentals_of_nursing_quiz5.html,Fundementals,Generic
http://currentnursing.com/Quiz/nursing_theory_quiz1.html,Fundementals,Nursing Theory
http://currentnursing.com/Quiz/nursing_theory_quiz2.html,Fundementals,Nursing Theory
http://currentnursing.com/Quiz/nursing_theory_quiz3.html,Fundementals,Nursing Theory
http://currentnursing.com/Quiz/nursing_theory_quiz4.html,Fundementals,Nursing Theory
http://currentnursing.com/Quiz/nursing_theory_quiz5.html,Fundementals,Nursing Theory
http://currentnursing.com/Quiz/nursing_theory_quiz6.html,Fundementals,Nursing Theory
http://currentnursing.com/Quiz/nursing_theory_quiz7.html,Fundementals,Nursing Theory
http://currentnursing.com/Quiz/nursing_theory_quiz8.html,Fundementals,Nursing Theory
http://currentnursing.com/Quiz/nursing_theory_quiz9.html,Fundementals,Nursing Theory
https://nurseslabs.com/nclex-exam-gastrointestinal-disorders-180-items/,Gastrointestinal System,Disorders
https://nurseslabs.com/nclex-exam-gastrointestinal-disorders-2-100-items/,Gastrointestinal System,Disorders
https://nurseslabs.com/nclex-exam-gastrointestinal-disorders-3-50-items/,Gastrointestinal System,Disorders
https://nurseslabs.com/nclex-exam-gastrointestinal-disorders-4-30-items/,Gastrointestinal System,Disorders
https://nurseslabs.com/nclex-exam-gastrointestinal-disorders-5-30-items/,Gastrointestinal System,Disorders
https://nurseslabs.com/nclex-exam-gastrointestinal-biliary-system-25-items/,Gastrointestinal System,Biliary System
http://currentnursing.com/Quiz/GI_Quiz.html,Gastrointestinal System,Generic
http://currentnursing.com/Quiz/GI_quiz2.html,Gastrointestinal System,Generic
http://currentnursing.com/Quiz/GI_quiz3.html,Gastrointestinal System,Generic
http://currentnursing.com/Quiz/GI_quiz4.html,Gastrointestinal System,Generic
https://nurseslabs.com/nutrition-nclex-practice-quiz-10-items/,Gastrointestinal System,Nutrition
https://nurseslabs.com/parenteral-nutrition-nclex-practice-quiz-20-items/,Gastrointestinal System,Parenteral Nutrition
https://nurseslabs.com/pediatric-nursing-gastrointestinal-disorders-nclex-practice-quiz-15-questions/,Gastrointestinal System,Pediatrics
https://nurseslabs.com/nclex-practice-exam-1-40-questions/,Generic,Generic
https://nurseslabs.com/nclex-practice-exam-10-20-questions/,Generic,Generic
https://nurseslabs.com/nclex-practice-exam-11-20-questions/,Generic,Generic
https://nurseslabs.com/nclex-practice-exam-12-20-questions/,Generic,Generic
https://nurseslabs.com/nclex-practice-exam-13-20-questions/,Generic,Generic
https://nurseslabs.com/nclex-practice-exam-14-20-questions/,Generic,Generic
https://nurseslabs.com/nclex-practice-exam-15-50-questions/,Generic,Generic
https://nurseslabs.com/nclex-practice-exam-16-50-questions/,Generic,Generic
https://nurseslabs.com/nclex-practice-exam-2-40-items/,Generic,Generic
https://nurseslabs.com/nclex-practice-exam-3-40-items/,Generic,Generic
https://nurseslabs.com/nclex-practice-exam-4-50-items/,Generic,Generic
https://nurseslabs.com/nclex-practice-exam-5-45-items/,Generic,Generic
https://nurseslabs.com/nclex-practice-exam-6-50-items/,Generic,Generic
https://nurseslabs.com/nclex-practice-exam-7-25-items/,Generic,Generic
https://nurseslabs.com/nclex-practice-exam-8-50-items/,Generic,Generic
https://nurseslabs.com/nclex-practice-exam-9-50-items/,Generic,Generic
https://nurseslabs.com/nclex-select-all-that-apply-practice-exam-1-30-questions/,Generic,Generic
https://nurseslabs.com/nclex-select-apply-practice-exam-2-20-questions/,Generic,Generic
https://nurseslabs.com/nclex-select-apply-practice-exam-3-20-questions/,Generic,Generic
https://nurseslabs.com/nclex-select-apply-practice-exam-4-20-questions/,Generic,Generic
https://nurseslabs.com/nclex-select-apply-practice-exam-5-15-questions/,Generic,Generic
http://currentnursing.com/Quiz/genetics_quiz1.html,Genetics,Generic
http://currentnursing.com/Quiz/genetics_quiz2.html,Genetics,Generic
http://currentnursing.com/Quiz/genetics_quiz3.html,Genetics,Generic
http://currentnursing.com/Quiz/genetics_quiz4.html,Genetics,Generic
http://currentnursing.com/Quiz/genetics_quiz5.html,Genetics,Generic
http://currentnursing.com/Quiz/communicable_diseases_quiz1.html,Immune System,Communicable Diseases
http://currentnursing.com/Quiz/AIDS_antiretroviral_therapy_quiz.html,Immune System,HIV/AIDs
http://currentnursing.com/Quiz/AIDS_antiretroviral_therapy_quiz2.html,Immune System,HIV/AIDs
http://currentnursing.com/Quiz/AIDS_antiretroviral_therapy_quiz3.html,Immune System,HIV/AIDs
http://currentnursing.com/Quiz/infectious_diseases_quiz1.html,Immune System,Infectious Diseases
https://nurseslabs.com/integumentary-system-nclex-practice-quiz-20-items/,Integumentary System,Generic
https://nurseslabs.com/nclex-exam-integumentary-disorders-1-60-items/,Integumentary System,Disorders
https://nurseslabs.com/abg-analysis-nclex-exam-2-10-items/,Labs,ABG Analysis
https://nurseslabs.com/abg-analysis-nclex-exam-3-20-items/,Labs,ABG Analysis
https://nurseslabs.com/laboratory-values-nclex-practice-quiz-20-items/,Labs,Generic
https://nurseslabs.com/nclex-exam-obstetrical-nursing-antepartum-50-items/,Maternal/Child Health,Antepartum Obstetrics
https://nurseslabs.com/maternal-child-health-nursing-exam-5-50-items/,Maternal/Child Health,Generic
https://nurseslabs.com/maternal-child-health-nursing-nclex-practice-quiz-3-20-items/,Maternal/Child Health,Generic
https://nurseslabs.com/maternal-child-health-nursing-practice-quiz-4-50-questions/,Maternal/Child Health,Generic
https://nurseslabs.com/maternal-child-health-nursing-practice-quiz-6-50-questions/,Maternal/Child Health,Generic
https://nurseslabs.com/maternal-child-health-nursing-practice-quiz-7-50-questions/,Maternal/Child Health,Generic
https://nurseslabs.com/maternal-child-health-nursing-practice-quiz-8-50-questions/,Maternal/Child Health,Generic
https://nurseslabs.com/maternal-child-health-nursing-practice-quiz-9-50-questions/,Maternal/Child Health,Generic
https://nurseslabs.com/nclex-exam-maternal-child-health-nursing-1-30-items/,Maternal/Child Health,Generic
https://nurseslabs.com/nclex-exam-maternal-child-health-nursing-2-30-items/,Maternal/Child Health,Generic
https://nurseslabs.com/nclex-exam-growth-development-2-20-items/,Maternal/Child Health,Growth and Development
https://nurseslabs.com/nclex-exam-growth-development-20-items/,Maternal/Child Health,Growth and Development
https://nurseslabs.com/nclex-exam-obstetrical-nursing-intrapartum-60-items/,Maternal/Child Health,Intrapartum Obstetrics
https://nurseslabs.com/nclex-exam-pediatric-nursing-1-50-items/,Maternal/Child Health,Pediatrics
https://nurseslabs.com/nclex-exam-obstetrical-nursing-postpartum-55-items/,Maternal/Child Health,Postpartum Obstetrics
http://currentnursing.com/Quiz/psychiatric_nursing_biological_perspective.html,Mental Health,Biopsychiatry
http://currentnursing.com/Quiz/biological_psychiatry_quiz2.html,Mental Health,Biopsychiatry
http://currentnursing.com/Quiz/neuropsychiatry_quiz1.html,Mental Health,Biopsychiatry
http://currentnursing.com/Quiz/neuropsychiatry_quiz2.html,Mental Health,Biopsychiatry
http://currentnursing.com/Quiz/ECT_quiz.html,Mental Health,Electroconvulsive Therapy
http://currentnursing.com/Quiz/ECT_quiz2.html,Mental Health,Electroconvulsive Therapy
https://nurseslabs.com/nclex-exam-psychiatric-nursing-1-50-items/,Mental Health,Generic
https://nurseslabs.com/nclex-exam-psychiatric-nursing-2-50-items/,Mental Health,Generic
https://nurseslabs.com/nclex-exam-psychiatric-nursing-3-50-items/,Mental Health,Generic
https://nurseslabs.com/nclex-exam-psychiatric-nursing-4-20-items/,Mental Health,Generic
https://nurseslabs.com/psychiatric-nursing-practice-quiz-10-50-questions/,Mental Health,Generic
https://nurseslabs.com/psychiatric-nursing-practice-quiz-11-50-questions/,Mental Health,Generic
https://nurseslabs.com/psychiatric-nursing-practice-quiz-12-50-questions/,Mental Health,Generic
https://nurseslabs.com/psychiatric-nursing-practice-quiz-13-50-questions/,Mental Health,Generic
https://nurseslabs.com/psychiatric-nursing-practice-quiz-5-50-questions/,Mental Health,Generic
https://nurseslabs.com/psychiatric-nursing-practice-quiz-6-50-questions/,Mental Health,Generic
https://nurseslabs.com/psychiatric-nursing-practice-quiz-7-50-questions/,Mental Health,Generic
https://nurseslabs.com/psychiatric-nursing-practice-quiz-8-50-questions/,Mental Health,Generic
https://nurseslabs.com/psychiatric-nursing-practice-quiz-9-50-questions/,Mental Health,Generic
http://currentnursing.com/Quiz/psychology_quiz1.html,Mental Health,Generic
http://currentnursing.com/Quiz/psychiatric_nursing_quiz1.html,Mental Health,Generic
http://currentnursing.com/Quiz/psychiatric_nursing_series2.html,Mental Health,Generic
http://currentnursing.com/Quiz/psychiatric_nursing_series3.html,Mental Health,Generic
http://currentnursing.com/Quiz/psychiatric_nursing_series4.html,Mental Health,Generic
http://currentnursing.com/Quiz/child_psychiatry_quiz1.html,Mental Health,Pediatrics
http://currentnursing.com/Quiz/child_psychiatry_quiz2.html,Mental Health,Pediatrics
https://nurseslabs.com/nclex-exam-psychiatric-nursing-physical-sexual-abuse-family-violence-15-items/,Mental Health,Abuse
http://currentnursing.com/Quiz/psychiatric_nursing_history_quiz1.html,Mental Health,Generic
http://currentnursing.com/Quiz/psychiatric_nursing_history_quiz2.html,Mental Health,Generic
http://currentnursing.com/Quiz/psychopathology_quiz1.html,Mental Health,Psychopathology
http://currentnursing.com/Quiz/psychopathology_quiz2.html,Mental Health,Psychopathology
http://currentnursing.com/Quiz/psychopathology_quiz3.html,Mental Health,Psychopathology
http://currentnursing.com/Quiz/psychopathology_quiz4.html,Mental Health,Psychopathology
http://currentnursing.com/Quiz/psychopathology_quiz5.html,Mental Health,Psychopathology
http://currentnursing.com/Quiz/psychopathology_quiz6.html,Mental Health,Psychopathology
http://currentnursing.com/Quiz/psychopathology_quiz7.html,Mental Health,Psychopathology
http://currentnursing.com/Quiz/psychopathology_quiz8.html,Mental Health,Psychopathology
http://currentnursing.com/Quiz/psychopathology_quiz9.html,Mental Health,Psychopathology
http://currentnursing.com/Quiz/psychopathology_quiz10.html,Mental Health,Psychopathology
http://currentnursing.com/Quiz/psychotherapy_quiz1.html,Mental Health,Interventions
https://nurseslabs.com/nclex-exam-psychiatric-nursing-stress-anxiety-and-mind-body-disorders-25-items/,Mental Health Disorders,Stress/Anxiety
https://nurseslabs.com/nclex-exam-psychiatric-nursing-personality-mood-disorders-suicidal-behavior-25-items/,Mental Health,Mood Disorders/Suicidal Behavior
http://currentnursing.com/Quiz/anxiety_disorders_quiz1.html,Mental Health Disorders,Anxiety
http://currentnursing.com/Quiz/bipolar_quiz1.html,Mental Health Disorders,Bipolar
http://currentnursing.com/Quiz/bipolar_quiz2.html,Mental Health Disorders,Bipolar
http://currentnursing.com/Quiz/psychiatric_nursing_OCD_quiz.html,Mental Health Disorders,Obsessive Compulsive
http://currentnursing.com/Quiz/OCD_quiz2.html,Mental Health Disorders,Obsessive Compulsive
https://nurseslabs.com/nclex-exam-psychiatric-nursing-personality-disorders-2-50-items/,Mental Health Disorders,Personality Disorders
https://nurseslabs.com/nclex-exam-psychiatric-nursing-personality-disorders-35-items/,Mental Health Disorders,Personality Disorders
http://currentnursing.com/Quiz/personality_disorders_quiz.html,Mental Health Disorders,Personality Disorders
https://nurseslabs.com/nclex-exam-psychiatric-nursing-schizophrenic-disorders-15-items/,Mental Health Disorders,Schizophrenia
http://currentnursing.com/Quiz/schizophrenia_quiz1.html,Mental Health Disorders,Schizophrenia
http://currentnursing.com/Quiz/schizophrenia_quiz2.html,Mental Health Disorders,Schizophrenia
http://currentnursing.com/Quiz/sexual_disorders_quiz.html,Mental Health Disorders,Sexual Disorders
http://currentnursing.com/Quiz/sexual_disorders_quiz2.html,Mental Health Disorders,Sexual Disorders
http://currentnursing.com/Quiz/sleep_disorders_quiz.html,Mental Health Disorders,Sleep
http://currentnursing.com/Quiz/sleep_disorders_quiz2.html,Mental Health Disorders,Sleep
https://nurseslabs.com/nclex-exam-sleep-disorders-30-items/,Mental Health Disorders,Sleep
https://nurseslabs.com/nclex-exam-psychiatric-nursing-substance-related-disorders-15-items/,Mental Health Disorders,Substance Abuse
https://nurseslabs.com/nclex-exam-substance-abuse-25-items/,Mental Health Disorders,Substance Abuse
http://currentnursing.com/Quiz/substance_abuse_quiz1.html,Mental Health Disorders,Substance Abuse
http://currentnursing.com/Quiz/substance_abuse_quiz2.html,Mental Health Disorders,Substance Abuse
http://currentnursing.com/Quiz/substance_abuse_quiz3.html,Mental Health Disorders,Substance Abuse
http://currentnursing.com/Quiz/substance_abuse_quiz4.html,Mental Health Disorders,Substance Abuse
http://currentnursing.com/Quiz/substance_abuse_quiz5.html,Mental Health Disorders,Substance Abuse
http://currentnursing.com/Quiz/anatomy_quiz1.html,Musculoskeletal System,Generic
http://currentnursing.com/Orthopaedic_Nursing_Quiz/1.html,Musculoskeletal System,Orthopedics
https://nurseslabs.com/pediatric-nursing-musculoskeletal-neuromuscular-disorders-nclex-practice-quiz-15-questions/,Musculoskeletal System,Pediatric Disorders
https://nurseslabs.com/cognitive-impairment-disorders-nclex-practice-quiz-15-items/,Neurological System,Cognitive Impairment
http://currentnursing.com/Quiz/nervous_system_quiz_3.html,Neurological System,Cranial Nerves
https://nurseslabs.com/nclex-exam-neurological-disorders-1-10-items/,Neurological System,Disorders
https://nurseslabs.com/nclex-exam-neurological-disorders-3-25-items/,Neurological System,Disorders
https://nurseslabs.com/nclex-exam-neurological-disorders-4-30-items/,Neurological System,Disorders
https://nurseslabs.com/nclex-exam-neurological-disorders-5-30-items/,Neurological System,Disorders
http://currentnursing.com/Quiz/eeg_quiz.html,Neurological System,Electroencephalograms
https://nurseslabs.com/nclex-exam-neurological-disorders-2-seizures-50-items/,Neurological System,Epilepsy
http://currentnursing.com/Quiz/epilepsy_quiz.html,Neurological System,Epilepsy
http://currentnursing.com/Quiz/neurological_nursing_quiz1.html,Neurological System,Generic
http://currentnursing.com/Quiz/nervous_system_quiz_1.html,Neurological System,Nervous System
http://currentnursing.com/Quiz/nervous_system_quiz_2.html,Neurological System,Nervous System
https://nurseslabs.com/pediatric-nursing-neurologic-cognitive-disorders-nclex-practice-quiz-15-questions/,Neurological System,Pediatric Disorders
https://nurseslabs.com/nclex-exam-eye-disorders-care-26-items/,Optic System,Generic
http://currentnursing.com/Quiz/ophthalmology_guiz.html,Optic System,Generic
http://currentnursing.com/Quiz/antidepressants_quiz.html,Pharmacology,Antidepressants
http://currentnursing.com/Quiz/antidots_quiz.html,Pharmacology,Antidotes
http://currentnursing.com/Quiz/antiepileptics_quiz.html,Pharmacology,Antiepileptics
https://nurseslabs.com/antineoplastic-medications-nclex-practice-quiz-20-items/,Pharmacology,Antineoplastic
http://currentnursing.com/Quiz/antipsychotics_quiz1.html,Pharmacology,Antipsychotics
https://nurseslabs.com/cardiovascular-medications-nclex-practice-quiz-20-items/,Pharmacology,Cardiovascular
https://nurseslabs.com/endocrine-medications-nclex-practice-quiz-20-items/,Pharmacology,Endocrine
https://nurseslabs.com/gastrointestinal-medications-nclex-practice-quiz-20-items/,Pharmacology,Gastrointestinal
https://nurseslabs.com/pharmacology-exam-1-20-items/,Pharmacology,Generic
https://nurseslabs.com/pharmacology-exam-2-20-items/,Pharmacology,Generic
https://nurseslabs.com/pharmacology-exam-3-30-items/,Pharmacology,Generic
https://nurseslabs.com/pharmacology-exam-4-30-items/,Pharmacology,Generic
http://currentnursing.com/Quiz/pharmacology_quiz1.html,Pharmacology,Generic
http://currentnursing.com/Quiz/pharmacology_quiz2.html,Pharmacology,Generic
https://nurseslabs.com/immunological-medications-nclex-practice-quiz-20-items/,Pharmacology,Immunological
https://nurseslabs.com/musculoskeletal-medications-nclex-practice-quiz-20-items/,Pharmacology,Musculoskeletal
https://nurseslabs.com/neurological-medications-nclex-practice-quiz-20-items/,Pharmacology,Neurological
https://nurseslabs.com/maternity-newborn-medications-nclex-practice-quiz-15-items/,Pharmacology,Newborn/Maternity
http://currentnursing.com/Quiz/NSAIDs_quiz.html,Pharmacology,NSAIDs
https://nurseslabs.com/ophthalmic-otic-medications-nclex-practice-quiz-10-items/,Pharmacology,Ophthalmic and Otic
https://nurseslabs.com/pediatric-medications-administrations-nclex-practice-quiz-20-items/,Pharmacology,Pediatric
http://currentnursing.com/Quiz/pharmacology_penicillins_quiz.html,Pharmacology,Penicillins
https://nurseslabs.com/psychiatric-medications-nclex-practice-quiz-20-items/,Pharmacology,Psychopharmacology
http://currentnursing.com/Quiz/psychopharmacology_quiz1.html,Pharmacology,Psychopharmacology
http://currentnursing.com/Quiz/psychopharmacology_quiz2.html,Pharmacology,Psychopharmacology
http://currentnursing.com/Quiz/psychopharmacology_quiz3.html,Pharmacology,Psychopharmacology
http://currentnursing.com/Quiz/psychopharmacology_quiz4.html,Pharmacology,Psychopharmacology
http://currentnursing.com/Quiz/psychopharmacology_quiz7.html,Pharmacology,Psychopharmacology
https://nurseslabs.com/respiratory-medications-nclex-practice-quiz-20-items/,Pharmacology,Respiratory
https://nurseslabs.com/cultural-diversity-health-practices-nclex-practice-quiz-15-items/,Professional Skills,Cultural Diversity
https://nurseslabs.com/nclex-exam-legal-ethical-considerations-65-items/,Professional Skills,Ethics/Legal Considerations
https://nurseslabs.com/nclex-exam-health-promotion-maintenance-25-items/,Professional Skills,Health Promotion
https://nurseslabs.com/nursing-leadership-management-nclex-practice-quiz-1-40-items-2/,Professional Skills,Leadership/Management
https://nurseslabs.com/nursing-leadership-management-nclex-practice-quiz-1-40-items/,Professional Skills,Leadership/Management
http://currentnursing.com/Quiz/nursing_management_quiz5.html,Professional Skills,Leadership/Management
http://currentnursing.com/Quiz/nursing_management_quiz1.html,Professional Skills,Leadership/Management
http://currentnursing.com/Quiz/nursing_management_quiz2.html,Professional Skills,Leadership/Management
http://currentnursing.com/Quiz/nursing_management_quiz3.html,Professional Skills,Leadership/Management
http://currentnursing.com/Quiz/nursing_management_quiz4.html,Professional Skills,Leadership/Management
https://nurseslabs.com/nclex-exam-nursing-process-24-items/,Professional Skills,Nursing Process
http://currentnursing.com/Quiz/public_health_quiz1.html,Professional Skills,Public Health
https://nurseslabs.com/nclex-exam-therapeutic-communication-1-15-items/,Professional Skills,Therapeutic Communication
https://nurseslabs.com/nclex-exam-therapeutic-communication-2-20-items/,Professional Skills,Therapeutic Communication
http://currentnursing.com/Quiz/reproductive_health_quiz1.html,Genitourinary System,Reproduction
http://currentnursing.com/Quiz/reproductive_health_quiz2.html,Genitourinary System,Reproduction
http://currentnursing.com/Quiz/stat_quiz.html,Research,Biostatistics
http://currentnursing.com/Quiz/nursing_research_quiz2.html,Research,Biostatistics
http://currentnursing.com/Quiz/nursing_research_quiz5.html,Research,Biostatistics
http://currentnursing.com/Quiz/biostatistics_quiz9.html,Research,Biostatistics
http://currentnursing.com/Quiz/biostatistics_quiz10.html,Research,Biostatistics
http://currentnursing.com/Quiz/biostatistics_quiz11.html,Research,Biostatistics
http://currentnursing.com/Quiz/biostatistics_quiz12.html,Research,Biostatistics
http://currentnursing.com/Quiz/biostatistics_quiz13.html,Research,Biostatistics
http://currentnursing.com/Quiz/nursing_research_quiz18.html,Research,Biostatistics
http://currentnursing.com/Quiz/nursing_research_quiz19.html,Research,Biostatistics
http://currentnursing.com/Quiz/nursing_research_quiz26.html,Research,Biostatistics
http://currentnursing.com/Quiz/nursing_education_quiz3.html,Research,Education
http://currentnursing.com/Quiz/nursing_education_quiz1.html,Research,Education
http://currentnursing.com/Quiz/nursing_education_quiz2.html,Research,Education
http://currentnursing.com/Quiz/nursing_research_quiz8.html,Research,Epidemiology
http://currentnursing.com/Quiz/nursing_research_quiz14.html,Research,Epidemiology
http://currentnursing.com/Quiz/nursing_research_quiz15.html,Research,Epidemiology
http://currentnursing.com/Quiz/nursing_research_quiz16.html,Research,Epidemiology
http://currentnursing.com/Quiz/nursing_research_quiz24.html,Research,Ethics/Legal Considerations
https://nurseslabs.com/nursing-resear-quiz-20-items/,Research,Generic
https://nurseslabs.com/nursing-research-nclex-practice-quiz-3-20-items/,Research,Generic
http://currentnursing.com/Quiz/nursing_research_quiz25.html,Research,Generic
http://currentnursing.com/Quiz/nursing_research_quiz29.html,Research,Generic
http://currentnursing.com/Quiz/nursing_research_quiz30.html,Research,Generic
http://currentnursing.com/Quiz/nursing_research_quiz3.html,Research,Methodology
http://currentnursing.com/Quiz/nursing_research_quiz4.html,Research,Methodology
http://currentnursing.com/Quiz/nursing_research_quiz6.html,Research,Methodology
http://currentnursing.com/Quiz/nursing_research_quiz7.html,Research,Methodology
http://currentnursing.com/Quiz/nursing_research_quiz17.html,Research,Methodology
http://currentnursing.com/Quiz/nursing_research_quiz20.html,Research,Methodology
http://currentnursing.com/Quiz/nursing_research_quiz21.html,Research,Methodology
http://currentnursing.com/Quiz/nursing_research_quiz22.html,Research,Methodology
http://currentnursing.com/Quiz/nursing_research_quiz23.html,Research,Methodology
http://currentnursing.com/Quiz/nursing_research_quiz27.html,Research,Methodology
http://currentnursing.com/Quiz/nursing_research_quiz28.html,Research,Methodology
https://nurseslabs.com/nclex-exam-asthma-copd-100-items/,Respiratory System,Asthma/COPD
https://nurseslabs.com/nclex-exam-asthma-copd-2-50-items/,Respiratory System,Asthma/COPD
http://currentnursing.com/Quiz/bronchial_asthma_quiz.html,Respiratory System,Asthma/COPD
https://nurseslabs.com/nclex-exam-respiratory-disorders-1-60-items/,Respiratory System,Generic
https://nurseslabs.com/pediatric-nursing-respiratory-disorders-nclex-practice-quiz-15-questions/,Respiratory System,Pediatric Disorders
https://nurseslabs.com/nclex-exam-pneumonia-tuberculosis-60-items/,Respiratory System,Pneumonia/Tuberculosis
https://nurseslabs.com/nclex-exam-renal-disorders-management-1-50-items/,Genitourinary System,Renal Disorders
https://nurseslabs.com/nclex-exam-renal-disorders-management-2-60-items/,Genitourinary System,Renal Disorders
https://nurseslabs.com/nclex-exam-renal-disorders-management-3-45-items/,Genitourinary System,Renal Disorders
https://nurseslabs.com/nclex-exam-genitourinary-system-disorders-1-50-items/,Genitourinary System,Renal Disorders
https://nurseslabs.com/pediatric-nursing-genitourinary-disorders-nclex-practice-quiz-15-questions/,Genitourinary System,Pediatric Disorders
